{
  "balances": {
    "LDACE": {
      "free": 1.01418945,
      "locked": 0.0
    },
    "SPCXB": {
      "free": 0.000932,
      "locked": 0.0
    }
  },
  "canTrade": true,
  "timestamp": "2026-07-10T23:45:15.174480+00:00"
}