{
  "timestamp": "04/07/2026 16:15",
  "bcv_usd": 667.05,
  "bcv_eur": 762.9959817031951,
  "paralelo": 755.5,
  "usdt": 755.5,
  "cop": 0.22293710879153653,
  "clp": 0.8163556834158613
}